{"experiment_role":"descriptive_train_only_scope_audit","inputs":{"audit_protocol_sha256":"8feebb8b00fc9fb554b75e55202e7ec5ad6ce055b55afd0e40f89b63edc872e4","model_analysis_protocol_sha256":"e88154923be3f6511161f2ed99caae444019c1aeb7b9c497a38ca1d4864d2573","ordered_raw_training_source_digest":"b5205b7d8e6b6a91a0faa2e4dfe18cd0e4528eeb467f356a47623391ebec58e4","train_programs_sha256":"ccd6b17f56130c78a34345091e7935d58682c4d149df316cbf555dc3fe3b3c3b"},"interpretation":{"does_not_modify_validation_selection":true,"inference_status":"descriptive_only","rates_measure_encoder_input_equivalence_not_learned_embedding_quality":true},"schema_version":"code2hyp-stage-a-representation-identifiability-result-v1","summary":{"micro_counts":{"colliding_node_count":4105799,"colliding_path_object_count":539644,"colliding_true_lca_node_count":319972,"distinct_lca_signature_count":196951,"distinct_node_signature_count":448644,"distinct_path_signature_count":648070,"distinct_true_lca_node_count":516923,"node_count":4554443,"selected_path_object_count":1187714},"micro_rates":{"lca_anchor_collision_rate":0.618993544493087,"node_collision_rate":0.9014931134279208,"path_object_collision_rate":0.4543551730467099},"program_count":18560,"program_macro_rates":{"lca_anchor_collision_rate":0.605213242336184,"node_collision_rate":0.8605921410921035,"path_object_collision_rate":0.45437071341688123},"program_rate_quantiles":{"lca_anchor_collision_rate":{"q000":0.16666666666666666,"q025":0.5517241379310345,"q050":0.6129032258064516,"q075":0.6666666666666666,"q100":0.8611111111111112},"node_collision_rate":{"q000":0.2857142857142857,"q025":0.8207547169811321,"q050":0.8734939759036144,"q075":0.9131760594566494,"q100":0.9880794701986755},"path_object_collision_rate":{"q000":0.171875,"q025":0.390625,"q050":0.453125,"q075":0.515625,"q100":0.90625}}},"test_program_ids_materialized":false,"test_relevance_labels_opened":false,"test_retrieval_metrics_computed":false,"validation_programs_read":false,"validation_relevance_labels_read":false}
