{"acceptance":{"original_residual_exceeds_1e-7":true,"rounded_residual_at_most_1e-7":true,"validation_retrieval_metrics_computed":false},"calibration":{"cost_scale":{"aggregation":"median_of_pairwise_positive_cost_medians","cost_scale":1.0870387554168701,"cross_cluster_pair_count":2048,"pair_count":4096,"positive_pair_count":4096,"same_cluster_pair_count":2048},"epsilon":0.05435193777084351,"role_scales":[0.06152969504425199,1.0,1.0],"role_weight_details":{"canonical_weights":[7.14118568461198,0.049930721086398504,0.049930721086398504],"end_scale":1.6689791679382324,"euclidean_weights":[28.56474273844792,0.19972288434559402,0.19972288434559402],"lca_scale":0.011669397354125977,"pair_count":4096,"pooled_endpoint_scale":1.6689791679382324,"start_scale":1.6689791679382324},"role_weights":[28.56474273844792,0.19972288434559402,0.19972288434559402]},"experiment_role":"pre_metric_numerical_incident_reproduction","incident":{"cost_maximum":4.776933193206787,"cost_minimum":0.0,"maximum_plan_absolute_correction":1.7362441413586172e-07,"path_counts":[64,64,64,64],"plan_L1_correction_by_problem":[4.0840798505067865e-06,2.3078841213285732e-06,2.5289725375904087e-06,2.163023111329435e-06],"query_batch_size":4,"query_batch_start":0,"query_source_relpaths":["p04013/s119187042.py","p04013/s840667071.py","p04013/s139782146.py","p04013/s281874887.py"],"regularized_objective_shift_by_problem":[8.211204892971669e-07,8.3816404117254e-07,8.328154355863315e-07,6.278541114790315e-07],"relative_regularized_objective_shift_by_problem":[4.82519880670922e-06,4.457385104473002e-06,4.8105451922215215e-06,3.512591866356419e-06],"rounded_marginal_residuals":[3.469446951953614e-18,5.204170427930421e-18,5.204170427930421e-18,6.938893903907228e-18],"rounded_regularized_objective_by_problem":[0.1701742216766355,0.18804024277627432,0.1731237123038071,0.17874445445480877],"unrounded_marginal_residuals":[1.0241105325575761e-07,1.5560875980466515e-07,1.1105977518882648e-07,1.7382907619226118e-07],"unrounded_regularized_objective_by_problem":[0.17017340055614621,0.18803940461223315,0.17312287948837152,0.1787438266006973]},"inputs":{"calibration_pairs_sha256":"14fbfb4ac5298c67224507128030ce52656e30498f23c87096abb46727ec472d","checkpoint_sha256":"a7781a4d136b0ad5cf913cb005da0da830a52a9212fb159907b7bfc8983ef521","model_analysis_protocol_sha256":"e88154923be3f6511161f2ed99caae444019c1aeb7b9c497a38ca1d4864d2573"},"schema_version":"code2hyp-stage-a-transport-incident-reproduction-v1","test_program_ids_materialized":false,"test_relevance_labels_opened":false,"test_retrieval_metrics_computed":false}
