distance,pairs,share
11,12082,0.10170204885604135
12,11832,0.09959763632384383
10,10561,0.08889880301015168
9,9379,0.07894914055792185
14,8691,0.0731577972693143
16,8689,0.07314096196905671
7,8570,0.0721392616037307
13,8274,0.06964763716560884
15,7534,0.06341857607030421
8,6704,0.05643192646340847
2,6588,0.05545547904846883
6,6562,0.05523662014512029
