{
  "dataset": {
    "path": "data/dta_zenodo_7799972/extracted",
    "limit_per_task": 50,
    "sample_seed": 13
  },
  "records": {
    "valid": 550,
    "syntax_errors": 0,
    "task_count": 11
  },
  "parameters": {
    "markov_weight": 0.85,
    "feature_weight": 0.15000000000000002
  },
  "methods": {
    "M2_markov_jsd": {
      "metrics": {
        "queries": 550,
        "top1_accuracy": 0.96,
        "mrr": 0.9704915974509276,
        "map": 0.6596291897266658,
        "recall@1": 0.019591836734693877,
        "recall@3": 0.05714285714285714,
        "recall@5": 0.0940630797773655,
        "recall@10": 0.1793692022263451
      },
      "paired_tests_M_minus_M2": null
    },
    "M4_markov_size_depth": {
      "metrics": {
        "queries": 550,
        "top1_accuracy": 0.9618181818181818,
        "mrr": 0.9739377599524658,
        "map": 0.6891607531462084,
        "recall@1": 0.019628942486085342,
        "recall@3": 0.05747680890538033,
        "recall@5": 0.09458256029684602,
        "recall@10": 0.182708719851577
      },
      "paired_tests_M_minus_M2": {
        "top1_accuracy": {
          "mean_delta": 0.0018181818181818182,
          "bootstrap_ci95": [
            -0.012727272727272728,
            0.016363636363636365
          ],
          "permutation_p_one_sided": 0.5040991801639672
        },
        "mrr": {
          "mean_delta": 0.0034461625015382406,
          "bootstrap_ci95": [
            -0.005705638569767475,
            0.012862003493582441
          ],
          "permutation_p_one_sided": 0.244751049790042
        },
        "map": {
          "mean_delta": 0.02953156341954253,
          "bootstrap_ci95": [
            0.023957485489225376,
            0.03542285839737658
          ],
          "permutation_p_one_sided": 0.0001999600079984003
        },
        "recall@10": {
          "mean_delta": 0.003339517625231912,
          "bootstrap_ci95": [
            0.001818181818181819,
            0.004860853432282005
          ],
          "permutation_p_one_sided": 0.0001999600079984003
        }
      }
    },
    "M4_markov_branching": {
      "metrics": {
        "queries": 550,
        "top1_accuracy": 0.9618181818181818,
        "mrr": 0.9765726495726497,
        "map": 0.6653515786617342,
        "recall@1": 0.019628942486085342,
        "recall@3": 0.05795918367346939,
        "recall@5": 0.09499072356215213,
        "recall@10": 0.18289424860853434
      },
      "paired_tests_M_minus_M2": {
        "top1_accuracy": {
          "mean_delta": 0.0018181818181818182,
          "bootstrap_ci95": [
            -0.012727272727272728,
            0.016363636363636365
          ],
          "permutation_p_one_sided": 0.5026994601079784
        },
        "mrr": {
          "mean_delta": 0.006081052121721978,
          "bootstrap_ci95": [
            -0.0028750927435137958,
            0.015572316572316574
          ],
          "permutation_p_one_sided": 0.10157968406318736
        },
        "map": {
          "mean_delta": 0.0057223889350682695,
          "bootstrap_ci95": [
            -0.0012417957330974985,
            0.01255196556191458
          ],
          "permutation_p_one_sided": 0.05298940211957608
        },
        "recall@10": {
          "mean_delta": 0.00352504638218924,
          "bootstrap_ci95": [
            0.0017439703153988876,
            0.005231910946196662
          ],
          "permutation_p_one_sided": 0.0005998800239952009
        }
      }
    },
    "M4_markov_metric_distortion": {
      "metrics": {
        "queries": 550,
        "top1_accuracy": 0.9418181818181818,
        "mrr": 0.9618981106144067,
        "map": 0.6775238255674028,
        "recall@1": 0.01922077922077922,
        "recall@3": 0.05688311688311688,
        "recall@5": 0.09346938775510204,
        "recall@10": 0.18051948051948052
      },
      "paired_tests_M_minus_M2": {
        "top1_accuracy": {
          "mean_delta": -0.01818181818181818,
          "bootstrap_ci95": [
            -0.03272727272727273,
            -0.0036363636363636364
          ],
          "permutation_p_one_sided": 1.0
        },
        "mrr": {
          "mean_delta": -0.008593486836520893,
          "bootstrap_ci95": [
            -0.018459989911580117,
            0.00069662204449708
          ],
          "permutation_p_one_sided": 1.0
        },
        "map": {
          "mean_delta": 0.017894635840736934,
          "bootstrap_ci95": [
            0.010828915859486345,
            0.025393553495376923
          ],
          "permutation_p_one_sided": 0.0001999600079984003
        },
        "recall@10": {
          "mean_delta": 0.0011502782931354363,
          "bootstrap_ci95": [
            -0.0010760667903525047,
            0.0033766233766233766
          ],
          "permutation_p_one_sided": 0.14157168566286743
        }
      }
    },
    "M4_markov_shape": {
      "metrics": {
        "queries": 550,
        "top1_accuracy": 0.9636363636363636,
        "mrr": 0.9756230158730159,
        "map": 0.6866164578942886,
        "recall@1": 0.019666048237476808,
        "recall@3": 0.05773654916512059,
        "recall@5": 0.09521335807050094,
        "recall@10": 0.18448979591836737
      },
      "paired_tests_M_minus_M2": {
        "top1_accuracy": {
          "mean_delta": 0.0036363636363636364,
          "bootstrap_ci95": [
            -0.007272727272727273,
            0.014545454545454545
          ],
          "permutation_p_one_sided": 0.38392321535692864
        },
        "mrr": {
          "mean_delta": 0.005131418422088279,
          "bootstrap_ci95": [
            -0.0020049158709445785,
            0.01264233586721625
          ],
          "permutation_p_one_sided": 0.09158168366326734
        },
        "map": {
          "mean_delta": 0.02698726816762281,
          "bootstrap_ci95": [
            0.022441056562877343,
            0.03154901406092586
          ],
          "permutation_p_one_sided": 0.0001999600079984003
        },
        "recall@10": {
          "mean_delta": 0.005120593692022265,
          "bootstrap_ci95": [
            0.003673469387755103,
            0.006567717996289426
          ],
          "permutation_p_one_sided": 0.0001999600079984003
        }
      }
    },
    "M4_markov_all": {
      "metrics": {
        "queries": 550,
        "top1_accuracy": 0.9636363636363636,
        "mrr": 0.9757495138551289,
        "map": 0.6936746685614356,
        "recall@1": 0.019666048237476808,
        "recall@3": 0.05792207792207792,
        "recall@5": 0.09554730983302412,
        "recall@10": 0.1852690166975881
      },
      "paired_tests_M_minus_M2": {
        "top1_accuracy": {
          "mean_delta": 0.0036363636363636364,
          "bootstrap_ci95": [
            -0.007272727272727273,
            0.014545454545454545
          ],
          "permutation_p_one_sided": 0.3817236552689462
        },
        "mrr": {
          "mean_delta": 0.005257916404201234,
          "bootstrap_ci95": [
            -0.0020568782391889623,
            0.013078202921011816
          ],
          "permutation_p_one_sided": 0.08898220355928814
        },
        "map": {
          "mean_delta": 0.03404547883476966,
          "bootstrap_ci95": [
            0.029707532071769658,
            0.03853960762111814
          ],
          "permutation_p_one_sided": 0.0001999600079984003
        },
        "recall@10": {
          "mean_delta": 0.005899814471243044,
          "bootstrap_ci95": [
            0.004341372912801485,
            0.007532467532467533
          ],
          "permutation_p_one_sided": 0.0001999600079984003
        }
      }
    }
  },
  "errors": []
}